# Apache V2 - reused from/courtesy of https://github.com/Esri/joint-military-symbology-xml/tree/master/samples/simple_symbolset_entity_modifier_codes 
SymbolSet,ModifierNumber,Category,Name,Code,UniqueName
#####################################################################
# MODIFIER 1
#####################################################################
01,1,Military Aircraft Type,Attack/Strike,01,Military Aircraft Type : Attack/Strike
01,1,Military Aircraft Type,Bomber,02,Military Aircraft Type : Bomber
01,1,Aircraft Type,Cargo,03,Aircraft Type : Cargo
01,1,Military Aircraft Type,Fighter,04,Military Aircraft Type : Fighter
01,1,Military Aircraft Type,Interceptor,05,Military Aircraft Type : Interceptor
01,1,Aircraft Type,Tanker,06,Aircraft Type : Tanker
01,1,Aircraft Type,Utility,07,Aircraft Type : Utility
01,1,Aircraft Type,VSTOL/VTOL,08,Aircraft Type : VSTOL/VTOL
01,1,Aircraft Type,Passenger,09,Aircraft Type : Passenger
01,1,Aircraft Type,Ultra Light,10,Aircraft Type : Ultra Light
01,1,Military Aircraft Type,Airborne Command Post (ACP),11,Military Aircraft Type : Airborne Command Post (ACP)
01,1,Military Aircraft Type,Airborne Early Warning (AEW),12,Military Aircraft Type : Airborne Early Warning (AEW)
01,1,Aircraft Type,Government,13,Aircraft Type : Government
01,1,Mission Area,Medical Evacuation (MEDEVAC),14,Mission Area : Medical Evacuation (MEDEVAC)
01,1,Military Mission Area,Escort,15,Military Mission Area : Escort
01,1,Military Mission Area,Electronic Combat (EC)/Jammer,16,Military Mission Area : Electronic Combat (EC)/Jammer
01,1,Mission Area,Patrol,17,Mission Area : Patrol
01,1,Mission Area,Reconnaissance,18,Mission Area : Reconnaissance
01,1,Mission Area,Trainer,19,Mission Area : Trainer
01,1,Mission Area,Photographic (Reconnaissance),20,Mission Area : Photographic (Reconnaissance)
01,1,Mission Area,Personnel Recovery,21,Mission Area : Personnel Recovery
01,1,Military Mission Area,Antisubmarine Warfare,22,Military Mission Area : Antisubmarine Warfare
01,1,Mission Area,Communications,23,Mission Area : Communications
01,1,Military Mission Area,Electronic Support (ES),24,Military Mission Area : Electronic Support (ES)
01,1,Military Mission Area,Mine Countermeasures (MCM),25,Military Mission Area : Mine Countermeasures (MCM)
01,1,Mission Area,Search and Rescue,26,Mission Area : Search and Rescue
01,1,Military Mission Area,Special Operations Forces,27,Military Mission Area : Special Operations Forces
01,1,Military Mission Area,Surface Warfare,28,Military Mission Area : Surface Warfare
01,1,Mission Area,Very Important Person (VIP) Transport,29,Mission Area : Very Important Person (VIP) Transport
01,1,Military Mission Area,Combat Search and Rescue (CSAR),30,Military Mission Area : Combat Search and Rescue (CSAR)
01,1,Military Mission Area,Suppression of Enemy Air Defenses,31,Military Mission Area : Suppression of Enemy Air Defenses
01,1,Military Mission Area,Antisurface Warfare,32,Military Mission Area : Antisurface Warfare
01,1,Military Aircraft Type,Fighter/Bomber,33,Military Aircraft Type : Fighter/Bomber
01,1,Mission Area,Intensive Care,34,Mission Area : Intensive Care
01,1,Military Mission Area,Electronic Attack (EA),35,Military Mission Area : Electronic Attack (EA)
01,1,Mission Area,Multimission,36,Mission Area : Multimission
01,1,Crime,Hijacking,37,Crime : Hijacking (Air)
01,1,Mission Area,ASW Helo - LAMPS,38,Mission Area : ASW Helo - LAMPS
01,1,Mission Area,ASW Helo - SH-60R,39,Mission Area : ASW Helo - SH-60R
02,1,Launch Origin,Air,01,Launch Origin : Air
02,1,Launch Origin,Surface,02,Launch Origin : Surface
02,1,Launch Origin,Subsurface,03,Launch Origin : Subsurface
02,1,Launch Origin,Space,04,Launch Origin : Space
02,1,Missile Class,Anti-Ballistic,05,Missile Class : Anti-Ballistic
02,1,Missile Class,Ballistic,06,Missile Class : Ballistic (Air Missile)
02,1,Missile Class,Cruise,07,Missile Class : Cruise
02,1,Missile Class,Interceptor,08,Missile Class : Interceptor (Air Missile)
05,1,Orbit,Low Earth Orbit (LEO),01,Orbit : Low Earth Orbit (LEO)
05,1,Orbit,Medium Earth Orbit (MEO),02,Orbit : Medium Earth Orbit (MEO)
05,1,Orbit,High Earth Orbit (MEO),03,Orbit : High Earth Orbit (MEO)
05,1,Orbit,Geosynchronous Orbit (GSO),04,Orbit : Geosynchronous Orbit (GSO)
05,1,Orbit,Geostationary Orbit (GO),05,Orbit : Geostationary Orbit (GO)
05,1,Orbit,Molniya Orbit (MO),06,Orbit : Molniya Orbit (MO)
06,1,Missile Class,Ballistic,01,Missile Class : Ballistic (Space Missile)
06,1,Launch Origin,Space,02,Launch Origin : Space 1
06,1,Missile Class,Interceptor,03,Missile Class : Interceptor (Space Missile)
10,1,Mobility,Air Mobile/Air Assault (US Only),01,Mobility : Air Mobile/Air Assault (US Only)
10,1,Capability,Area,02,Capability : Area
10,1,Capability,Attack,03,Capability : Attack 1
10,1,Capability,Biological,04,Capability : Biological
10,1,Capability,Border,05,Capability : Border
10,1,Capability,Bridging,06,Capability : Bridging
10,1,Capability,Chemical,07,Capability : Chemical
10,1,Capability,Close Protection,08,Capability : Close Protection
10,1,Capability,Combat,09,Capability : Combat
10,1,Capability,Command and Control,10,Capability : Command and Control
10,1,Capability,Communications Contingency Package,11,Capability : Communications Contingency Package
10,1,Capability,Construction,12,Capability : Construction
10,1,Capability,Cross Cultural Communication,13,Capability : Cross Cultural Communication
10,1,Capability,Crowd and Riot Control,14,Capability : Crowd and Riot Control
10,1,Capability,Decontamination,15,Capability : Decontamination 1
10,1,Capability,Detention,16,Capability : Detention
10,1,Capability,Direct Communications,17,Capability : Direct Communications
10,1,Capability,Diving,18,Capability : Diving
10,1,Capability,Division,19,Capability : Division
10,1,Capability,Dog,20,Capability : Dog
10,1,Capability,Drilling,21,Capability : Drilling
10,1,Capability,Electro-Optical,22,Capability : Electro-Optical
10,1,Capability,Enhanced,23,Capability : Enhanced
10,1,Capability,Explosive Ordnance Disposal (EOD),24,Capability : Explosive Ordnance Disposal (EOD)
10,1,Capability,Fire Direction Center,25,Capability : Fire Direction Center
10,1,Capability,Force,26,Capability : Force
10,1,Capability,Forward,27,Capability : Forward
10,1,Capability,Ground Station Module,28,Capability : Ground Station Module
10,1,Capability,Landing Support,29,Capability : Landing Support
10,1,Capability,Large Extension Node,30,Capability : Large Extension Node
10,1,Capability,Maintenance,31,Capability : Maintenance
10,1,Capability,Meteorological,32,Capability : Meteorological
10,1,Capability,Mine Countermeasure,33,Capability : Mine Countermeasure
10,1,Capability,Missile,34,Capability : Missile
10,1,Capability,Mobile Advisor and Support,35,Capability : Mobile Advisor and Support
10,1,Capability,Mobile Subscriber Equipment,36,Capability : Mobile Subscriber Equipment
10,1,Capability,Mobility Support,37,Capability : Mobility Support
10,1,Capability,Movement Control Center,38,Capability : Movement Control Center
10,1,Capability,Multinational,39,Capability : Multinational
10,1,Capability,Multinational Specialized Unit,40,Capability : Multinational Specialized Unit
10,1,Capability,Multiple Rocket Launcher,41,Capability : Multiple Rocket Launcher
10,1,Capability,NATO Medical Role 1,42,Capability : NATO Medical Role 1
10,1,Capability,NATO Medical Role 2,43,Capability : NATO Medical Role 2
10,1,Capability,NATO Medical Role 3,44,Capability : NATO Medical Role 3
10,1,Capability,NATO Medical Role 4,45,Capability : NATO Medical Role 4
10,1,Capability,Naval,46,Capability : Naval
10,1,Capability,Node Center,47,Capability : Node Center
10,1,Capability,Nuclear,48,Capability : Nuclear
10,1,Capability,Operations,49,Capability : Operations
10,1,Capability,Radar,50,Capability : Radar
10,1,Capability,Radio Frequency Identification (RFID) Interrogator / Sensor,51,Capability : RFID Interrogator/Sensor
10,1,Capability,Radiological,52,Capability : Radiological
10,1,Capability,Search and Rescue,53,Capability : Search and Rescue
10,1,Capability,Security,54,Capability : Security
10,1,Capability,Sensor,55,Capability : Sensor
10,1,Capability,Sensor Control Module (SCM),56,Capability : Sensor Control Module (SCM)
10,1,Capability,Signals Intelligence,57,Capability : Signals Intelligence
10,1,Capability,Single Shelter Switch,58,Capability : Single Shelter Switch
10,1,Capability,Single Rocket Launcher,59,Capability : Single Rocket Launcher
10,1,Capability,Smoke,60,Capability : Smoke
10,1,Capability,Sniper,61,Capability : Sniper
10,1,Capability,Sound Ranging,62,Capability : Sound Ranging
10,1,Capability,Special Operations Forces (SOF),63,Capability : Special Operations Forces (SOF)
10,1,Capability,Special Weapons and Tactics,64,Capability : Special Weapons and Tactics
10,1,Capability,Survey,65,Capability : Survey
10,1,Capability,Tactical Exploitation,66,Capability : Tactical Exploitation
10,1,Capability,Target Acquisition,67,Capability : Target Acquisition
10,1,Capability,Topographic,68,Capability : Topographic
10,1,Capability,Utility,69,Capability : Utility 1
10,1,Capability,Video Imagery (Combat Camera),70,Capability : Video Imagery (Combat Camera)
10,1,Composite Loss,Accident,71,Composite Loss : Accident (Land Units)
10,1,Composite Loss,Other,72,Composite Loss : Other (Land Units)
10,1,Operation,Civilian,73,Operation : Civilian (Land Units)
10,1,Capability,Antisubmarine Warfare,74,Capability : Antisubmarine Warfare
10,1,Capability,Medevac,75,Capability : Medevac
10,1,Capability,Ranger,76,Capability : Ranger
10,1,Capability,Support,77,Capability : Support 1
10,1,Capability,Aviation,78,Capability : Aviation
11,1,Crime,Assassination,01,Crime : Assassination (Land Civilian)
11,1,Crime,Execution (Wrongful Killing),02,Crime : Execution (Wrongful Killing) (Land Civilian)
11,1,Crime,Murder Victims,03,Crime : Murder Victims
11,1,Crime,Hijacking,04,Crime : Hijacking (Land Civilian)
11,1,Crime,Kidnapping,05,Crime : Kidnapping (Land Civilian)
11,1,Crime,Piracy,06,Crime : Piracy (Land Civilian)
11,1,Crime,Rape,07,Crime : Rape (Land Civilian)
11,1,Organization,Civilian,08,Organization : Civilian (Land Civilian)
11,1,Organization,Displaced Person(s)- Refugee(s) and Evacuee(s),09,Organization : Displaced Person(s)- Refugee(s) and Evacuee(s)
11,1,Organization,Foreign Fighter(s),10,Organization : Foreign Fighter(s)
11,1,Organization,Gang Member or Gang,11,Organization : Gang Member or Gang
11,1,Organization,Government Organization,12,Organization : Government Organization
11,1,Organization,Leader or Leadership,13,Organization : Leader or Leadership 1
11,1,Organization,Nongovernmental Organization Member or Nongovernmental Organization,14,Organization : Nongovernmental Organization Member or Nongovernmental Organization
11,1,Organization,Coerced/Impressed Recruit,15,Organization : Coerced/Impressed Recruit
11,1,Organization,Willing Recruit,16,Organization : Willing Recruit
11,1,Organization,Religious or Religious Organization,17,Organization : Religious or Religious Organization
11,1,Organization,Targeted Individual or Organization,18,Organization : Targeted Individual or Organization
11,1,Organization,Terrorist or Terrorist Organization,19,Organization : Terrorist or Terrorist Organization
11,1,Organization,Speaker,20,Organization : Speaker
11,1,Composite Loss,Accident,21,Composite Loss : Accident (Land Civilian)
11,1,Composite Loss,Combat,22,Composite Loss : Combat
11,1,Composite Loss,Other,23,Composite Loss : Other (Land Civilian)
11,1,Crime,Loot,24,Crime : Loot
15,1,Sensor Type,Biological,01,Sensor Type : Biological
15,1,Sensor Type,Chemical,02,Sensor Type : Chemical
15,1,Sensor Type,Early Warning Radar,03,Sensor Type : Early Warning Radar
15,1,Sensor Type,Intrusion,04,Sensor Type : Intrusion
15,1,Sensor Type,Nuclear,05,Sensor Type : Nuclear
15,1,Sensor Type,Radiological,06,Sensor Type : Radiological
15,1,Sensor Type,Upgraded Early Warning Radar,07,Sensor Type : Upgraded Early Warning Radar
15,1,Crime,Hijacking,08,Crime : Hijacking (Land Equipment)
15,1,Organization,Civilian,09,Organization : Civilian (Land Equipment)
20,1,CBRN Type,Biological,01,CBRN Type : Biological
20,1,CBRN Type,Chemical,02,CBRN Type : Chemical
20,1,CBRN Type,Nuclear,03,CBRN Type : Nuclear
20,1,CBRN Type,Radiological,04,CBRN Type : Radiological
20,1,CBRN Type,Decontamination,05,CBRN Type : Decontamination
20,1,Electric Power Type,Coal,06,Electric Power Type : Coal
20,1,Electric Power Type,Geothermal,07,Electric Power Type : Geothermal
20,1,Electric Power Type,Hydroelectric,08,Electric Power Type : Hydroelectric
20,1,Electric Power Type,Natural Gas,09,Electric Power Type : Natural Gas
20,1,Electric Power Type,Petroleum,10,Electric Power Type : Petroleum
20,1,Operation,Civilian,11,Operation : Civilian (Land Installation)
20,1,Civilian Telecommunications Type,Civilian Telephone,12,Civilian Telecommunications Type : Civilian Telephone
20,1,Civilian Telecommunications Type,Civilian Television,13,Civilian Telecommunications Type : Civilian Television
30,1,Mission Area,Own Ship,01,Mission Area : Own Ship
30,1,Mission Area,Antiair Warfare,02,Mission Area : Antiair Warfare
30,1,Mission Area,Antisubmarine Warfare,03,Mission Area : Antisubmarine Warfare (Sea Surface)
30,1,Mission Area,Escort,04,Mission Area : Escort
30,1,Mission Area,Electronic Warfare,05,Mission Area : Electronic Warfare
30,1,Mission Area,Intelligence- Surveillance- Reconnaissance,06,Mission Area : Intelligence- Surveillance- Reconnaissance
30,1,Mission Area,Mine Countermeasures,07,Mission Area : Mine Countermeasures (Sea Surface)
30,1,Mission Area,Missile Defense,08,Mission Area : Missile Defense
30,1,Mission Area,Medical,09,Mission Area : Medical
30,1,Mission Area,Mine Warfare,10,Mission Area : Mine Warfare (Sea Surface)
30,1,Mission Area,Remote Multi-Mission Vehicle (USV-only),11,Mission Area : Remote Multi-Mission Vehicle (USV-only)
30,1,Asset Capability,Special Operations Forces (SOF),12,Asset Capability : SOF (Sea Surface)
30,1,Mission Area,Surface Warfare,13,Mission Area : Surface Warfare (Sea Surface)
30,1,Weapons Capability,Ballistic Missile,14,Weapons Capability : Ballistic Missile (Sea Surface)
30,1,Weapons Capability,Guided Missile,15,Weapons Capability : Guided Missile (Sea Surface)
30,1,Weapons Capability,Other Guided Missile,16,Weapons Capability : Other Guided Missile (Sea Surface)
30,1,Weapons Capability,Torpedo,17,Weapons Capability : Torpedo
30,1,Asset Capability,Drone-Equipped,18,Asset Capability : Drone-Equipped
30,1,Asset Capability,Helicopter-Equipped/VSTOL,19,Asset Capability : Helicopter-Equipped/VSTOL
30,1,Mission Area,Ballistic Missile Defense- Shooter,20,Mission Area : Ballistic Missile Defense- Shooter
30,1,Mission Area,Ballistic Missile Defense- Long-Range Surveillance and Track (LRST),21,Mission Area : Ballistic Missile Defense- Long-Range Surveillance and Track (LRST)
30,1,Mission Area,Sea-Base X-Band,22,Mission Area : Sea-Base X-Band
30,1,Crime,Hijacking/Hijacked,23,Crime : Hijacking/Hijacked (Sea Surface)
35,1,Mission Area,Antisubmarine Warfare,01,Mission Area : Antisubmarine Warfare (Sea Subsurface)
35,1,Mission Area,Auxiliary,02,Mission Area : Auxiliary
35,1,Mission Area,Command and Control,03,Mission Area : Command and Control
35,1,Mission Area,Intelligence Surveillance Reconnaissance,04,Mission Area : Intelligence Surveillance Reconnaissance
35,1,Mission Area,Mine Countermeasures,05,Mission Area : Mine Countermeasures (Sea Subsurface)
35,1,Mission Area,Mine Warfare,06,Mission Area : Mine Warfare (Sea Subsurface)
35,1,Mission Area,Surface Warfare,07,Mission Area : Surface Warfare (Sea Subsurface)
35,1,Weapons Capability,Attack,08,Weapons Capability : Attack
35,1,Weapons Capability,Ballistic Missile,09,Weapons Capability : Ballistic Missile (Sea Subsurface)
35,1,Weapons Capability,Guided Missile,10,Weapons Capability : Guided Missile (Sea Subsurface)
35,1,Weapons Capability,Other Guided Missile,11,Weapons Capability : Other Guided Missile (Sea Subsurface)
35,1,Asset Capability,Special Operations Forces (SOF),12,Asset Capability : SOF (Sea Subsurface)
35,1,Submarine Confidence,Possible Submarine Low 1,13,Submarine Confidence : Possible Submarine Low 1
35,1,Submarine Confidence,Possible Submarine Low 2,14,Submarine Confidence : Possible Submarine Low 2
35,1,Submarine Confidence,Possible Submarine High 3,15,Submarine Confidence : Possible Submarine High 3
35,1,Submarine Confidence,Possible Submarine High 4,16,Submarine Confidence : Possible Submarine High 4
35,1,Submarine Confidence,Probable Submarine,17,Submarine Confidence : Probable Submarine
35,1,Submarine Confidence,Certain Submarine,18,Submarine Confidence : Certain Submarine
35,1,Weapons Capability,Anti-torpedo Torpedo,19,Weapons Capability : Anti-torpedo Torpedo
35,1,Crime,Hijacking/Highjacked,20,Crime : Hijacking/Highjacked
40,1,Crime,Assassination,01,Crime : Assasination (Activities)
40,1,Crime,Execution (Wrongful Killing),02,Crime : Execution (Wrongful Killing) (Activities)
40,1,Crime,Hijacking/Hijacked,03,Crime : Hijacking/Hijacked (Activities)
40,1,Psychological Operations,House-to-House,04,Psychological Operations : House-to-House
40,1,Crime,Kidnapping,05,Crime : Kidnapping (Activities)
40,1,Crime,Murder,06,Crime : Murder
40,1,Crime,Piracy,07,Crime : Piracy (Activities)
40,1,Crime,Rape,08,Crime : Rape (Activities)
40,1,Psychological Operations,Written Psychological Operations,09,Psychological Operations : Written Psychological Operations
40,1,Crime,Pirate,10,Crime : Pirate
40,1,IED Category,False,11,IED Category : False
40,1,IED Category,Find,12,IED Category : Find
40,1,IED Category,Found and Cleared,13,IED Category : Found and Cleared
40,1,IED Category,Hoax (Decoy),14,IED Category : Hoax (Decoy)
40,1,Incident Qualifier,Attempted,15,Incident Qualifier : Attempted
40,1,Incident Qualifier,Accident,16,Incident Qualifier : Accident
40,1,Incident Qualifier,Incident,17,Incident Qualifier : Incident
40,1,Crime,Theft,18,Crime : Theft
50,1,Space/Air/Land/Sea Surface/Subsurface Radar,Data Transmission,14,Radar : Data Transmission (Space)
50,1,Space Radar,Earth Surveillance,15,Radar : Earth Surveillance
50,1,Space/Air/Land/Sea Surface/Subsurface Radar,Identification Friend or Foe (Interrogator),21,Radar : Identification Friend or Foe (Interrogator) (Space)
50,1,Space/Air/Land/Sea Surface/Subsurface Radar,Identification Friend or Foe (Transponder),24,Radar : Identification Friend or Foe (Transponder) (Space)
50,1,Space/Air/Land/Sea Surface/Subsurface Jammer,Barrage Jammer,25,Jammer : Barrage Jammer (Space)
50,1,Space/Air/Land/Sea Surface/Subsurface Jammer,Click Jammer,26,Jammer : Click Jammer (Space)
50,1,Space/Air/Land/Sea Surface/Subsurface Jammer,Deceptive Jammer,27,Jammer : Deceptive Jammer (Space)
50,1,Space/Air/Land/Sea Surface/Subsurface Jammer,Frequency Swept Jammer,28,Jammer : Frequency Swept Jammer (Space)
50,1,Space/Air/Land/Sea Surface/Subsurface Jammer,Jammer (General),29,Jammer : Jammer (General) (Space)
50,1,Space/Air/Land/Sea Surface/Subsurface Jammer,Noise Jammer,30,Jammer : Noise Jammer (Space)
50,1,Space/Air/Land/Sea Surface/Subsurface Jammer,Pulsed Jammer,31,Jammer : Pulsed Jammer (Space)
50,1,Space/Air/Land/Sea Surface/Subsurface Jammer,Repeater Jammer,32,Jammer : Repeater Jammer (Space)
50,1,Space/Air/Land/Sea Surface/Subsurface Jammer,Spot Noise Jammer,33,Jammer : Spot Noise Jammer (Space)
50,1,Space/Air/Land/Sea Surface/Subsurface Jammer,Transponder Jammer,34,Jammer : Transponder Jammer (Space)
50,1,Space/Air/Land/Sea Surface/Subsurface Jammer,Missile Control,36,Jammer : Missile Control (Space)
50,1,Space/Air/Land/Sea Surface/Subsurface Jammer,Multi-Function,39,Jammer : Multi-Function (Space)
50,1,Space/Air/Land/Sea Surface/Subsurface Jammer,Missile Tracking,42,Jammer : Missile Tracking (Space)
50,1,Space/Air/Land/Sea Surface/Subsurface Jammer,Navigational/General,43,Jammer : Navigational/General (Space)
50,1,Space/Air/Land/Sea Surface/Subsurface Jammer,Navigational/Distance Measuring Equipment,44,Jammer : Navigational/Distance Measuring Equipment (Space)
50,1,Space/Air/Land/Sea Surface/Subsurface Jammer,Navigation/Terrain Following,45,Jammer : Navigation/Terrain Following (Space)
50,1,Space/Air/Land/Sea Surface/Subsurface Communications,Point-to-Point Line of Sight (LOS),49,Communications : Point-to-Point Line of Sight (LOS) (Space)
50,1,Space/Air/Land/Sea Surface/Subsurface Radar,Instrumentation,50,Radar : Instrumentation (Space)
50,1,Space/Air/Land/Sea Surface/Subsurface Radar,Range Only,51,Radar : Range Only (Space)
50,1,Space Communications,Satellite Downlink,53,Communications : Satellite Downlink (Space)
50,1,Space/Air/Land/Sea Surface/Subsurface Radar,Space,54,Radar : Space (Space)
50,1,Space/Air/Land/Sea Surface/Subsurface Radar,Surface Search,55,Radar : Surface Search (Space)
50,1,Space/Air/Land/Sea Surface/Subsurface Jammer,Target Acquisition,58,Jammer : Target Acquisition (Space)
50,1,Space/Air/Land/Sea Surface/Subsurface Radar,Target Tracking,61,Radar : Target Tracking (Space)
50,1,Space/Air/Land/Sea Surface/Subsurface Radar,Unknown,62,Radar : Unknown (Space)
50,1,Space/Air/Land/Sea Surface/Subsurface Radar,Video Remoting,63,Radar : Video Remoting (Space)
50,1,Space/Air/Land/Sea Surface/Subsurface Radar,Experimental,64,Radar : Experimental (Space)
51,1,Air Radar,Airborne Search and Bombing,02,Radar : Airborne Search and Bombing
51,1,Air Radar,Airborne Intercept,03,Radar : Airborne Intercept
51,1,Air Radar,Altimeter,04,Radar : Altimeter
51,1,Air Radar,Airborne Reconnaissance and Mapping,05,Radar : Airborne Reconnaissance and Mapping
51,1,Air/Land/Sea Surface Radar,Air Traffic Control,06,Radar : Air Traffic Control (Air)
51,1,Air/Land/Sea Surface/Subsurface Radar,Beacon Transponder (not IFF),07,Radar : Beacon Transponder (not IFF) (Air)
51,1,Air/Land Radar,Battlefield Surveillance,08,Radar : Battlefield Surveillance (Air)
51,1,Air/Land/Sea Surface Radar,Controlled Intercept,10,Radar : Controlled Intercept (Air)
51,1,Air/Land/Sea Surface/Subsurface Communications,Cellular/Mobile,11,Communications : Cellular/Mobile (Air)
51,1,Land Radar,Coastal Surveillance,12,Radar : Coastal Surveillance
51,1,Air/Land/Sea Surface/Subsurface Radar,Decoy/Mimic,13,Radar : Decoy/Mimic
51,1,Space/Air/Land/Sea Surface/Subsurface Radar,Data Transmission,14,Radar : Data Transmission (Air)
51,1,Air/Land/Sea Surface/Subsurface Radar,Early Warning,16,Radar : Early Warning (Air)
51,1,Air/Land/Sea Surface Radar,Fire Control,17,Radar : Fire Control (Air)
51,1,Air Radar,Ground Mapping,18,Radar : Ground Mapping
51,1,Space/Air/Land/Sea Surface/Subsurface Radar,Identification Friend or Foe (Interrogator),21,Radar : Identification Friend or Foe (Interrogator) (Air)
51,1,Air/Land Radar,Ionospheric Sounding,23,Radar : Ionospheric Sounding (Air)
51,1,Space/Air/Land/Sea Surface/Subsurface Radar,Identification Friend or Foe (Transponder),24,Radar : Identification Friend or Foe (Transponder) (Air)
51,1,Space/Air/Land/Sea Surface/Subsurface Jammer,Barrage Jammer,25,Jammer : Barrage Jammer (Air)
51,1,Space/Air/Land/Sea Surface/Subsurface Jammer,Click Jammer,26,Jammer : Click Jammer (Air)
51,1,Space/Air/Land/Sea Surface/Subsurface Jammer,Deceptive Jammer,27,Jammer : Deceptive Jammer (Air)
51,1,Space/Air/Land/Sea Surface/Subsurface Jammer,Frequency Swept Jammer,28,Jammer : Frequency Swept Jammer (Air)
51,1,Space/Air/Land/Sea Surface/Subsurface Jammer,Jammer (General),29,Jammer : Jammer (General) (Air)
51,1,Space/Air/Land/Sea Surface/Subsurface Jammer,Noise Jammer,30,Jammer : Noise Jammer (Air)
51,1,Space/Air/Land/Sea Surface/Subsurface Jammer,Pulsed Jammer,31,Jammer : Pulsed Jammer (Air)
51,1,Space/Air/Land/Sea Surface/Subsurface Jammer,Repeater Jammer,32,Jammer : Repeater Jammer (Air)
51,1,Space/Air/Land/Sea Surface/Subsurface Jammer,Spot Noise Jammer,33,Jammer : Spot Noise Jammer (Air)
51,1,Space/Air/Land/Sea Surface/Subsurface Jammer,Transponder Jammer,34,Jammer : Transponder Jammer (Air)
51,1,Air/Land/Sea Surface Radar,Missile Acquisition,35,Radar : Missile Acquisition (Air)
51,1,Space/Air/Land/Sea Surface/Subsurface Radar,Missile Control,36,Radar : Missile Control (Air)
51,1,Air Radar,Missile Downlink,37,Radar : Missile Downlink
51,1,Air/Land/Sea Surface Radar,Meteorological,38,Radar : Meteorological (Air)
51,1,Space/Air/Land/Sea Surface/Subsurface Jammer,Multi-Function,39,Jammer : Multi-Function (Air)
51,1,Air/Land/Sea Surface Radar,Missile Guidance,40,Radar : Missile Guidance (Air)
51,1,Air Radar,Missile Homing,41,Radar : Missile Homing
51,1,Space/Air/Land/Sea Surface/Subsurface Jammer,Missile Tracking,42,Jammer : Missile Tracking (Air)
51,1,Space/Air/Land/Sea Surface/Subsurface Jammer,Navigational/General,43,Jammer : Navigational/General (Air)
51,1,Space/Air/Land/Sea Surface/Subsurface Jammer,Navigational/Distance Measuring Equipment,44,Jammer : Navigational/Distance Measuring Equipment (Air)
51,1,Space/Air/Land/Sea Surface/Subsurface Jammer,Navigation/Terrain Following,45,Jammer : Navigation/Terrain Following (Air)
51,1,Air/Land/Sea Surface/Subsurface Jammer,Navigational/Weather Avoidance,46,Jammer : Navigational/Weather Avoidance (Air)
51,1,Space/Air/Land/Sea Surface/Subsurface Communications,Omni-Line of Sight (LOS),47,Communications : Omni-Line of Sight (LOS) (Air)
51,1,Air Radar,Proximity Use,48,Radar : Proximity Use
51,1,Space/Air/Land/Sea Surface/Subsurface Communications,Point-to-Point Line of Sight (LOS),49,Communications : Point-to-Point Line of Sight (LOS) (Air)
51,1,Space/Air/Land/Sea Surface/Subsurface Radar,Instrumentation,50,Radar : Instrumentation (Air)
51,1,Space/Air/Land/Sea Surface/Subsurface Radar,Range Only,51,Radar : Range Only (Air)
51,1,Space/Air/Land/Sea Surface/Subsurface Radar,Space,54,Radar : Space (Air)
51,1,Space/Air/Land/Sea Surface/Subsurface Radar,Surface Search,55,Radar : Surface Search (Air)
51,1,Air/Land/Sea Surface/Subsurface Radar,Satellite Uplink,57,Radar : Satellite Uplink
51,1,Space/Air/Land/Sea Surface/Subsurface Radar,Target Acquisition,58,Radar : Target Acquisition
51,1,Space/Air/Land/Sea Surface/Subsurface Radar,Target Illumination,59,Radar : Target Illumination (Air)
51,1,Space/Air/Land/Sea Surface/Subsurface Radar,Target Tracking,61,Radar : Target Tracking (Air)
51,1,Space/Air/Land/Sea Surface/Subsurface Radar,Unknown,62,Radar : Unknown (Air)
51,1,Space/Air/Land/Sea Surface/Subsurface Radar,Video Remoting,63,Radar : Video Remoting (Air)
51,1,Space/Air/Land/Sea Surface/Subsurface Radar,Experimental,64,Radar : Experimental (Air)
52,1,Land/Sea Surface Radar,Anti-Aircraft Fire Control,01,Radar : Anti-Aircraft Fire Control (Land)
52,1,Air/Land/Sea Surface Radar,Air Traffic Control,06,Radar : Air Traffic Control (Land)
52,1,Air/Land/Sea Surface/Subsurface Radar,Beacon Transponder (not IFF),07,Radar : Beacon Transponder (not IFF) (Land)
52,1,Air/Land Radar,Battlefield Surveillance,08,Radar : Battlefield Surveillance (Land)
52,1,Land/Sea Surface Radar,Controlled Approach,09,Radar : Controlled Approach (Land)
52,1,Air/Land/Sea Surface Radar,Controlled Intercept,10,Radar : Controlled Intercept (Land)
52,1,Air/Land/Sea Surface/Subsurface Communications,Cellular/Mobile,11,Communications : Cellular/Mobile (Land)
52,1,Space/Air/Land/Sea Surface/Subsurface Jammer,Decoy/Mimic,13,Jammer : Decoy/Mimic (Land)
52,1,Space/Air/Land/Sea Surface/Subsurface Radar,Data Transmission,14,Radar : Data Transmission (Land)
52,1,Air/Land/Sea Surface/Subsurface Radar,Early Warning,16,Radar : Early Warning (Land)
52,1,Air/Land/Sea Surface Radar,Fire Control,17,Radar : Fire Control (Land)
52,1,Land/Sea Surface Radar,Height Finding,19,Radar : Height Finding (Land)
52,1,Land Radar,Harbor Surveillance,20,Radar : Harbor Surveillance
52,1,Space/Air/Land/Sea Surface/Subsurface Radar,Identification Friend or Foe (Interrogator),21,Radar : Identification Friend or Foe (Interrogator) (Land)
52,1,Land/Sea Surface Radar,Instrument Landing System,22,Radar : Instrument Landing System (Land)
52,1,Air/Land Radar,Ionospheric Sounding,23,Radar : Ionospheric Sounding (Land)
52,1,Space/Air/Land/Sea Surface/Subsurface Radar,Identification Friend or Foe (Transponder),24,Radar : Identification Friend or Foe (Transponder) (Land)
52,1,Space/Air/Land/Sea Surface/Subsurface Jammer,Barrage Jammer,25,Jammer : Barrage Jammer (Land)
52,1,Space/Air/Land/Sea Surface/Subsurface Jammer,Click Jammer,26,Jammer : Click Jammer (Land)
52,1,Space/Air/Land/Sea Surface/Subsurface Jammer,Deceptive Jammer,27,Jammer : Deceptive Jammer (Land)
52,1,Space/Air/Land/Sea Surface/Subsurface Jammer,Frequency Swept Jammer,28,Jammer : Frequency Swept Jammer (Land)
52,1,Space/Air/Land/Sea Surface/Subsurface Jammer,Jammer (General),29,Jammer : Jammer (General) (Land)
52,1,Space/Air/Land/Sea Surface/Subsurface Jammer,Noise Jammer,30,Jammer : Noise Jammer (Land)
52,1,Space/Air/Land/Sea Surface/Subsurface Jammer,Pulsed Jammer,31,Jammer : Pulsed Jammer (Land)
52,1,Space/Air/Land/Sea Surface/Subsurface Jammer,Repeater Jammer,32,Jammer : Repeater Jammer (Land)
52,1,Space/Air/Land/Sea Surface/Subsurface Jammer,Spot Noise Jammer,33,Jammer : Spot Noise Jammer (Land)
52,1,Space/Air/Land/Sea Surface/Subsurface Jammer,Transponder Jammer,34,Jammer : Transponder Jammer (Land)
52,1,Air/Land/Sea Surface Radar,Missile Acquisition,35,Radar : Missile Acquisition (Land)
52,1,Space/Air/Land/Sea Surface/Subsurface Jammer,Missile Control,36,Jammer : Missile Control (Land)
52,1,Air/Land/Sea Surface Radar,Meteorological,38,Radar : Meteorological (Land)
52,1,Space/Air/Land/Sea Surface/Subsurface Jammer,Multi-Function,39,Jammer : Multi-Function (Land)
52,1,Air/Land/Sea Surface Radar,Missile Guidance,40,Radar : Missile Guidance (Land)
52,1,Space/Air/Land/Sea Surface/Subsurface Jammer,Missile Tracking,42,Jammer : Missile Tracking (Land)
52,1,Space/Air/Land/Sea Surface/Subsurface Jammer,Navigational/General,43,Jammer : Navigational/General (Land)
52,1,Space/Air/Land/Sea Surface/Subsurface Jammer,Navigational/Distance Measuring Equipment,44,Jammer : Navigational/Distance Measuring Equipment (Land)
52,1,Space/Air/Land/Sea Surface/Subsurface Jammer,Navigation/Terrain Following,45,Jammer : Navigation/Terrain Following (Land)
52,1,Air/Land/Sea Surface/Subsurface Jammer,Navigational/Weather Avoidance,46,Jammer : Navigational/Weather Avoidance (Land)
52,1,Air/Land/Sea Surface/Subsurface Communications,Omni-Line of Sight (LOS),47,Communications : Omni-Line of Sight (LOS) (Land)
52,1,Space/Air/Land/Sea Surface/Subsurface Communications,Point-to-Point Line of Sight (LOS),49,Communications : Point-to-Point Line of Sight (LOS) (Land)
52,1,Space/Air/Land/Sea Surface/Subsurface Radar,Instrumentation,50,Radar : Instrumentation (Land)
52,1,Space/Air/Land/Sea Surface/Subsurface Radar,Range Only,51,Radar : Range Only (Land)
52,1,Space/Air/Land/Sea Surface/Subsurface Radar,Space,54,Radar : Space (Land)
52,1,Space/Air/Land/Sea Surface/Subsurface Radar,Surface Search,55,Radar : Surface Search (Land)
52,1,Land Radar,Shell Tracking,56,Radar : Shell Tracking
52,1,Air/Land/Sea Surface/Subsurface Communications,Satellite Uplink,57,Communications : Satellite Uplink (Land)
52,1,Space/Air/Land/Sea Surface/Subsurface Jammer,Target Acquisition,58,Jammer : Target Acquisition (Land)
52,1,Air/Land/Sea Surface Radar,Target Illumination,59,Radar : Target Illumination (Land)
52,1,Land Communications,Tropospheric Scatter,60,Communications : Tropospheric Scatter
52,1,Space/Air/Land/Sea Surface/Subsurface Radar,Target Tracking,61,Radar : Target Tracking (Land)
52,1,Space/Air/Land/Sea Surface/Subsurface Radar,Unknown,62,Radar : Unknown (Land)
52,1,Space/Air/Land/Sea Surface/Subsurface Radar,Video Remoting,63,Radar : Video Remoting (Land)
52,1,Space/Air/Land/Sea Surface/Subsurface Radar,Experimental,64,Radar : Experimental (Land)
53,1,Land/Sea Surface Radar,Anti-Aircraft Fire Control,01,Radar : Anti-Aircraft Fire Control (Sea Surface)
53,1,Air/Land/Sea Surface Radar,Air Traffic Control,06,Radar : Air Traffic Control (Sea Surface)
53,1,Air/Land/Sea Surface/Subsurface Radar,Beacon Transponder (not IFF),07,Radar : Beacon Transponder (not IFF) (Sea Surface)
53,1,Land/Sea Surface Radar,Controlled Approach,09,Radar : Controlled Approach (Sea Surface)
53,1,Air/Land/Sea Surface Radar,Controlled Intercept,10,Radar : Controlled Intercept (Sea Surface)
53,1,Air/Land/Sea Surface/Subsurface Communications,Cellular/Mobile,11,Communications : Cellular/Mobile (Sea Surface)
53,1,Space/Air/Land/Sea Surface/Subsurface Jammer,Decoy/Mimic,13,Jammer : Decoy/Mimic (Sea Surface)
53,1,Space/Air/Land/Sea Surface/Subsurface Radar,Data Transmission,14,Radar : Data Transmission (Sea Surface)
53,1,Air/Land/Sea Surface/Subsurface Radar,Early Warning,16,Radar : Early Warning (Sea Surface)
53,1,Air/Land/Sea Surface Radar,Fire Control,17,Radar : Fire Control (Sea Surface)
53,1,Land/Sea Surface Radar,Height Finding,19,Radar : Height Finding (Sea Surface)
53,1,Space/Air/Land/Sea Surface/Subsurface Radar,Identification Friend or Foe (Interrogator),21,Radar : Identification Friend or Foe (Interrogator) (Sea Surface)
53,1,Land/Sea Surface Radar,Instrument Landing System,22,Radar : Instrument Landing System (Sea Surface)
53,1,Space/Air/Land/Sea Surface/Subsurface Radar,Identification Friend or Foe (Transponder),24,Radar : Identification Friend or Foe (Transponder) (Sea Surface)
53,1,Space/Air/Land/Sea Surface/Subsurface Jammer,Barrage Jammer,25,Jammer : Barrage Jammer (Sea Surface)
53,1,Space/Air/Land/Sea Surface/Subsurface Jammer,Click Jammer,26,Jammer : Click Jammer (Sea Surface)
53,1,Space/Air/Land/Sea Surface/Subsurface Jammer,Deceptive Jammer,27,Jammer : Deceptive Jammer (Sea Surface)
53,1,Space/Air/Land/Sea Surface/Subsurface Jammer,Frequency Swept Jammer,28,Jammer : Frequency Swept Jammer (Sea Surface)
53,1,Space/Air/Land/Sea Surface/Subsurface Jammer,Jammer (General),29,Jammer : Jammer (General) (Sea Surface)
53,1,Space/Air/Land/Sea Surface/Subsurface Jammer,Noise Jammer,30,Jammer : Noise Jammer (Sea Surface)
53,1,Space/Air/Land/Sea Surface/Subsurface Jammer,Pulsed Jammer,31,Jammer : Pulsed Jammer (Sea Surface)
53,1,Space/Air/Land/Sea Surface/Subsurface Jammer,Repeater Jammer,32,Jammer : Repeater Jammer (Sea Surface)
53,1,Space/Air/Land/Sea Surface/Subsurface Jammer,Spot Noise Jammer,33,Jammer : Spot Noise Jammer (Sea Surface)
53,1,Space/Air/Land/Sea Surface/Subsurface Jammer,Transponder Jammer,34,Jammer : Transponder Jammer (Sea Surface)
53,1,Air/Land/Sea Surface Radar,Missile Acquisition,35,Radar : Missile Acquisition (Sea Surface)
53,1,Space/Air/Land/Sea Surface/Subsurface Jammer,Missile Control,36,Jammer : Missile Control (Sea Surface)
53,1,Air/Land/Sea Surface Radar,Meteorological,38,Radar : Meteorological (Sea Surface)
53,1,Space/Air/Land/Sea Surface/Subsurface Jammer,Multi-Function,39,Jammer : Multi-Function (Sea Surface)
53,1,Air/Land/Sea Surface Radar,Missile Guidance,40,Radar : Missile Guidance (Sea Surface)
53,1,Space/Air/Land/Sea Surface/Subsurface Jammer,Missile Tracking,42,Jammer : Missile Tracking (Sea Surface)
53,1,Space/Air/Land/Sea Surface/Subsurface Jammer,Navigational/General,43,Jammer : Navigational/General (Sea Surface)
53,1,Space/Air/Land/Sea Surface/Subsurface Jammer,Navigational/Distance Measuring Equipment,44,Jammer : Navigational/Distance Measuring Equipment (Sea Surface)
53,1,Space/Air/Land/Sea Surface/Subsurface Jammer,Navigation/Terrain Following,45,Jammer : Navigation/Terrain Following (Sea Surface)
53,1,Air/Land/Sea Surface/Subsurface Jammer,Navigational/Weather Avoidance,46,Jammer : Navigational/Weather Avoidance (Sea Surface)
53,1,Air/Land/Sea Surface/Subsurface Communications,Omni-Line of Sight (LOS),47,Air/Land/Sea Surface/Subsurface Communications : Omni-Line of Sight (LOS) (Sea Surface)
53,1,Space/Air/Land/Sea Surface/Subsurface Communications,Point-to-Point Line of Sight (LOS),49,Communications : Point-to-Point Line of Sight (LOS) (Sea Surface)
53,1,Space/Air/Land/Sea Surface/Subsurface Radar,Instrumentation,50,Radar : Instrumentation (Sea Surface)
53,1,Space/Air/Land/Sea Surface/Subsurface Radar,Range Only,51,Radar : Range Only (Sea Surface)
53,1,Sea Surface/Subsurface Radar,Sonobuoy,52,Radar : Sonobuoy (Sea Surface)
53,1,Space/Air/Land/Sea Surface/Subsurface Radar,Space,54,Radar : Space (Sea Surface)
53,1,Space/Air/Land/Sea Surface/Subsurface Radar,Surface Search,55,Radar : Surface Search (Sea Surface)
53,1,Air/Land/Sea Surface/Subsurface Communications,Satellite Uplink,57,Communications : Satellite Uplink (Sea Surface)
53,1,Space/Air/Land/Sea Surface/Subsurface Jammer,Target Acquisition,58,Jammer : Target Acquisition (Sea Surface)
53,1,Air/Land/Sea Surface Radar,Target Illumination,59,Radar : Target Illumination (Sea Surface)
53,1,Space/Air/Land/Sea Surface/Subsurface Radar,Target Tracking,61,Radar : Target Tracking (Sea Surface)
53,1,Space/Air/Land/Sea Surface/Subsurface Radar,Unknown,62,Radar : Unknown (Sea Surface)
53,1,Space/Air/Land/Sea Surface/Subsurface Radar,Video Remoting,63,Radar : Video Remoting (Sea Surface)
53,1,Space/Air/Land/Sea Surface/Subsurface Radar,Experimental,64,Radar : Experimental (Sea Surface)
54,1,Air/Land/Sea Surface/Subsurface Radar,Beacon Transponder (not IFF),07,Radar : Beacon Transponder (not IFF) (Sea Subsurface)
54,1,Air/Land/Sea Surface/Subsurface Communications,Cellular/Mobile,11,Communications : Cellular/Mobile (Sea Subsurface)
54,1,Space/Air/Land/Sea Surface/Subsurface Jammer,Decoy/Mimic,13,Jammer : Decoy/Mimic (Sea Subsurface)
54,1,Space/Air/Land/Sea Surface/Subsurface Radar,Data Transmission,14,Radar : Data Transmission (Sea Subsurface)
54,1,Air/Land/Sea Surface/Subsurface Radar,Early Warning,16,Radar : Early Warning (Sea Subsurface)
54,1,Space/Air/Land/Sea Surface/Subsurface Radar,Identification Friend or Foe (Interrogator),21,Radar : Identification Friend or Foe (Interrogator) (Sea Subsurface)
54,1,Space/Air/Land/Sea Surface/Subsurface Radar,Identification Friend or Foe (Transponder),24,Radar : Identification Friend or Foe (Transponder) (Sea Subsurface)
54,1,Space/Air/Land/Sea Surface/Subsurface Jammer,Barrage Jammer,25,Jammer : Barrage Jammer (Sea Subsurface)
54,1,Space/Air/Land/Sea Surface/Subsurface Jammer,Click Jammer,26,Jammer : Click Jammer (Sea Subsurface)
54,1,Space/Air/Land/Sea Surface/Subsurface Jammer,Deceptive Jammer,27,Jammer : Deceptive Jammer (Sea Subsurface)
54,1,Space/Air/Land/Sea Surface/Subsurface Jammer,Frequency Swept Jammer,28,Jammer : Frequency Swept Jammer (Sea Subsurface)
54,1,Space/Air/Land/Sea Surface/Subsurface Jammer,Jammer (General),29,Jammer : Jammer (General) (Sea Subsurface)
54,1,Space/Air/Land/Sea Surface/Subsurface Jammer,Noise Jammer,30,Jammer : Noise Jammer (Sea Subsurface)
54,1,Space/Air/Land/Sea Surface/Subsurface Jammer,Pulsed Jammer,31,Jammer : Pulsed Jammer (Sea Subsurface)
54,1,Space/Air/Land/Sea Surface/Subsurface Jammer,Repeater Jammer,32,Jammer : Repeater Jammer (Sea Subsurface)
54,1,Space/Air/Land/Sea Surface/Subsurface Jammer,Spot Noise Jammer,33,Jammer : Spot Noise Jammer (Sea Subsurface)
54,1,Space/Air/Land/Sea Surface/Subsurface Jammer,Transponder Jammer,34,Jammer : Transponder Jammer (Sea Subsurface)
54,1,Space/Air/Land/Sea Surface/Subsurface Jammer,Missile Control,36,Jammer : Missile Control (Sea Subsurface)
54,1,Space/Air/Land/Sea Surface/Subsurface Jammer,Multi-Function,39,Jammer : Multi-Function (Sea Subsurface)
54,1,Space/Air/Land/Sea Surface/Subsurface Jammer,Missile Tracking,42,Jammer : Missile Tracking (Sea Subsurface)
54,1,Space/Air/Land/Sea Surface/Subsurface Jammer,Navigational/General,43,Jammer : Navigational/General (Sea Subsurface)
54,1,Space/Air/Land/Sea Surface/Subsurface Jammer,Navigational/Distance Measuring Equipment,44,Jammer : Navigational/Distance Measuring Equipment (Sea Subsurface)
54,1,Space/Air/Land/Sea Surface/Subsurface Jammer,Navigation/Terrain Following,45,Jammer : Navigation/Terrain Following (Sea Subsurface)
54,1,Air/Land/Sea Surface/Subsurface Jammer,Navigational/Weather Avoidance,46,Jammer : Navigational/Weather Avoidance (Sea Subsurface)
54,1,Air/Land/Sea Surface/Subsurface Communications,Omni-Line of Sight (LOS),47,Communications : Omni-Line of Sight (LOS) (Sea Subsurface)
54,1,Space/Air/Land/Sea Surface/Subsurface Communications,Point-to-Point Line of Sight (LOS),49,Communications : Point-to-Point Line of Sight (LOS) (Sea Subsurface)
54,1,Space/Air/Land/Sea Surface/Subsurface Radar,Instrumentation,50,Radar : Instrumentation (Sea Subsurface)
54,1,Space/Air/Land/Sea Surface/Subsurface Radar,Range Only,51,Radar : Range Only (Sea Subsurface)
54,1,Sea Surface/Subsurface Radar,Sonobuoy,52,Radar : Sonobuoy (Sea Subsurface)
54,1,Space/Air/Land/Sea Surface/Subsurface Radar,Space,54,Radar : Space (Sea Subsurface)
54,1,Space/Air/Land/Sea Surface/Subsurface Radar,Surface Search,55,Radar : Surface Search (Sea Subsurface)
54,1,Air/Land/Sea Surface/Subsurface Communications,Satellite Uplink,57,Communications : Satellite Uplink (Sea Subsurface)
54,1,Space/Air/Land/Sea Surface/Subsurface Jammer,Target Acquisition,58,Jammer : Target Acquisition (Sea Subsurface)
54,1,Space/Air/Land/Sea Surface/Subsurface Radar,Target Tracking,61,Radar : Target Tracking (Sea Subsurface)
54,1,Space/Air/Land/Sea Surface/Subsurface Radar,Unknown,62,Radar : Unknown (Sea Subsurface)
54,1,Space/Air/Land/Sea Surface/Subsurface Radar,Video Remoting,63,Radar : Video Remoting (Sea Subsurface)
54,1,Space/Air/Land/Sea Surface/Subsurface Radar,Experimental,64,Radar : Experimental (Sea Subsurface)
#####################################################################
# MODIFIER 2
#####################################################################
01,2,Cargo/Transport Capacity,Heavy,01,Cargo/Transport Capacity : Heavy
01,2,Cargo/Transport Capacity,Medium,02,Cargo/Transport Capacity : Medium
01,2,Cargo/Transport Capacity,Light,03,Cargo/Transport Capacity : Light
01,2,Re-fueling Capability,Boom-Only,04,Re-fueling Capability : Boom-Only
01,2,Re-fueling Capability,Drogue-Only,05,Re-fueling Capability : Drogue-Only
01,2,Re-fueling Capability,Boom and Drogue,06,Re-fueling Capability : Boom and Drogue
01,2,Range,Close Range,07,Range : Close Range
01,2,Range,Short Range,08,Range : Short Range
01,2,Range,Medium Range,09,Range : Medium Range
01,2,Range,Long Range,10,Range : Long Range
01,2,Track Link Availability,Downlinked,11,Track Link Availability : Downlinked
02,2,Missile Destination,Air,01,Missile Destination : Air
02,2,Missile Destination,Surface,02,Missile Destination : Surface
02,2,Missile Destination,Subsurface,03,Missile Destination : Subsurface
02,2,Missile Destination,Space,04,Missile Destination : Space
02,2,Missile Status,Launched,05,Missile Status : Launched
02,2,Missile Status,Missile,06,Missile Status : Missile
02,2,Missile Type-BMD,Patriot,07,Missile Type-BMD : Patriot
02,2,Missile Type-AAW,Standard Missile-2 (SM-2),08,Missile Type-AAW : Standard Missile-2 (SM-2)
02,2,Missile Type-AAW,Standard Missile-6 (SM-6),09,Missile Type-AAW : Standard Missile-6 (SM-6)
02,2,Missile Type-AAW,Evolved Sea Sparrow Missile (ESSM),10,Missile Type-AAW : Evolved Sea Sparrow Missile (ESSM)
02,2,Missile Type-AAW,Rolling Airframe Missile (RAM),11,Missile Type-AAW : Rolling Airframe Missile (RAM)
02,2,Missile Range,Short Range,12,Missile Range : Short Range (Air Missile)
02,2,Missile Range,Medium Range,13,Missile Range : Medium Range (Air Missile)
02,2,Missile Range,Intermediate Range,14,Missile Range : Intermediate Range (Air Missile)
02,2,Missile Range,Long Range,15,Missile Range : Long Range (Air Missile)
02,2,Missile Range,Intercontinental,16,Missile Range : Intercontinental (Air Missile)
05,2,Sensor,Optical,01,Sensor : Optical
05,2,Sensor,Infrared,02,Sensor : Infrared
05,2,Sensor,Radar,03,Sensor : Radar
05,2,Sensor,Signals Intelligence (SIGINT),04,Sensor : Signals Intelligence (SIGINT)
06,2,Missile Range,Short Range,01,Missile Range : Short Range (Space Missile)
06,2,Missile Range,Medium Range,02,Missile Range : Medium Range (Space Missile)
06,2,Missile Range,Intermediate Range,03,Missile Range : Intermediate Range (Space Missile)
06,2,Missile Range,Long Range,04,Missile Range : Long Range (Space Missile)
06,2,Missile Range,Intercontinental,05,Missile Range : Intercontinental (Space Missile)
06,2,Missile Type - BMD,Arrow,06,Missile Type - BMD : Arrow
06,2,Missile Type - BMD,Ground-Based Interceptor (GBI),07,Missile Type - BMD : Ground-Based Interceptor (GBI)
06,2,Missile Type - BMD,Patriot,08,Missile Type - BMD : Patriot
06,2,Missile Type - BMD,Standard Missile - Terminal Phase (SM-T),09,Missile Type - BMD : Standard Missile - Terminal Phase (SM-T)
06,2,Missile Type - BMD,Standard Missile - 3 (SM-3),10,Missile Type - BMD : Standard Missile - 3 (SM-3)
06,2,Missile Type - BMD,Terminal High-Altitude Area Defense (THAAD),11,Missile Type - BMD : Terminal High-Altitude Area Defense (THAAD)
06,2,Launch Origin,Space,12,Launch Origin : Space 2
10,2,Mobility,Airborne,01,Mobility : Airborne
10,2,Mobility,Arctic,02,Mobility : Arctic
10,2,Capability,Battle Damage Repair,03,Capability : Battle Damage Repair
10,2,Mobility,Bicycle Equipped,04,Mobility : Bicycle Equipped
10,2,Close Range and Support,Casualty Staging,05,Close Range and Support : Casualty Staging
10,2,Capability,Clearing,06,Capability : Clearing
10,2,Capability,Close Range,07,Capability : Close Range
10,2,Capability,Control,08,Capability : Control
10,2,Capability,Decontamination,09,Capability : Decontamination 2
10,2,Capability,Demolition,10,Capability : Demolition
10,2,Capability,Dental,11,Capability : Dental
10,2,Capability,Digital,12,Capability : Digital
10,2,Capability,Enhanced Position Location Reporting System (EPLRS),13,Capability : Enhanced Position Location Reporting System (EPLRS)
10,2,Capability,Equipment,14,Capability : Equipment
10,2,Capability,Heavy,15,Capability : Heavy
10,2,Capability,High Altitude,16,Capability : High Altitude
10,2,Capability,Intermodal,17,Capability : Intermodal
10,2,Capability,Intensive Care,18,Capability : Intensive Care
10,2,Capability,Light,19,Capability : Light
10,2,Capability,Laboratory,20,Capability : Laboratory
10,2,Capability,Launcher,21,Capability : Launcher
10,2,Capability,Long Range,22,Capability : Long Range
10,2,Capability,Low Altitude,23,Capability : Low Altitude
10,2,Capability,Medium,24,Capability : Medium
10,2,Capability,Medium Altitude,25,Capability : Medium Altitude
10,2,Capability,Medium Range,26,Capability : Medium Range
10,2,Capability,Mountain,27,Capability : Mountain
10,2,Capability,High to Medium Altitude,28,Capability : High to Medium Altitude
10,2,Capability,Multi-Channel,29,Capability : Multi-Channel
10,2,Capability,Optical (Flash),30,Capability : Optical (Flash)
10,2,Capability,Pack Animal,31,Capability : Pack Animal
10,2,Capability,Patient Evacuation Coordination,32,Capability : Patient Evacuation Coordination
10,2,Capability,Preventive Maintenance,33,Capability : Preventive Maintenance
10,2,Capability,Psychological,34,Capability : Psychological
10,2,Capability,Radio Relay Line of Sight,35,Capability : Radio Relay Line of Sight
10,2,Mobility,Railroad,36,Mobility : Railroad
10,2,Capability,Recovery (Unmanned Systems),37,Capability : Recovery (Unmanned Systems)
10,2,Capability,Recovery (Maintenance),38,Capability : Recovery (Maintenance)
10,2,Capability,Rescue Coordination Center,39,Capability : Rescue Coordination Center
10,2,Mobility,Riverine,40,Mobility : Riverine
10,2,Capability,Single Channel,41,Capability : Single Channel
10,2,Mobility,Ski,42,Mobility : Ski
10,2,Capability,Short Range,43,Capability : Short Range
10,2,Capability,Strategic,44,Capability : Strategic
10,2,Capability,Support,45,Capability : Support 2
10,2,Capability,Tactical,46,Capability : Tactical
10,2,Mobility,Towed,47,Mobility : Towed
10,2,Capability,Troop,48,Capability : Troop
10,2,Mobility,Vertical or Short Take-Off and Landing (VTOL/VSTOL),49,Mobility : Vertical or Short Take-Off and Landing (VTOL/VSTOL)
10,2,Capability,Veterinary,50,Capability : Veterinary
10,2,Mobility,Wheeled,51,Mobility : Wheeled
10,2,Capability,High to Low Altitude,52,Capability : High to Low Altitude
10,2,Capability,Medium to Low Altitude,53,Capability : Medium to Low Altitude
10,2,Capability,Attack,54,Capability : Attack 2
10,2,Capability,Refuel,55,Capability : Refuel
10,2,Capability,Utility,56,Capability : Utility 2
10,2,Capability,Combat Search and Rescue,57,Capability : Combat Search and Rescue
11,2,Organization,Leader or Leadership,01,Organization : Leader or Leadership 2
20,2,No Category Listed,Biological,01,No Category Listed : Biological
20,2,No Category Listed,Chemical,02,No Category Listed : Chemical
20,2,No Category Listed,Nuclear,03,No Category Listed : Nuclear
20,2,No Category Listed,Radiological,04,No Category Listed : Radiological
20,2,No Category Listed,Atomic Energy Reactor,05,No Category Listed : Atomic Energy Reactor
20,2,No Category Listed,Nuclear Material Production,06,No Category Listed : Nuclear Material Production
20,2,No Category Listed,Nuclear Material Storage,07,No Category Listed : Nuclear Material Storage
20,2,No Category Listed,Weapons Grade,08,No Category Listed : Weapons Grade
30,2,Ship Propulsion,Nuclear Powered,01,Ship Propulsion : Nuclear Powered
30,2,Ship Capacity,Heavy,02,Ship Capacity : Heavy
30,2,Ship Capacity,Light,03,Ship Capacity : Light
30,2,Ship Capacity,Medium,04,Ship Capacity : Medium
30,2,Cargo Capacity,Dock,05,Cargo Capacity : Dock
30,2,Cargo Capacity,Logistics,06,Cargo Capacity : Logistics
30,2,Cargo Capacity,Tank,07,Cargo Capacity : Tank
30,2,Cargo Capacity,Vehicle,08,Cargo Capacity : Vehicle
30,2,Ship Mobility,Fast,09,Ship Mobility : Fast
30,2,Ship Mobility,Air-Cushioned (US),10,Ship Mobility : Air-Cushioned (US)
30,2,Ship Mobility,Air-Cushioned (NATO),11,Ship Mobility : Air-Cushioned (NATO)
30,2,Ship Mobility,Hydrofoil,12,Ship Mobility : Hydrofoil
30,2,USV Control,Autonomous Control,13,USV Control : Autonomous Control
30,2,USV Control,Remotely Piloted,14,USV Control : Remotely Piloted
30,2,USV Control,Expendable,15,USV Control : Expendable
35,2,Ship Propulsion,Air Independent Propulsion,01,Ship Propulsion : Air Independent Propulsion
35,2,Ship Propulsion,Diesel Electric General,02,Ship Propulsion : Diesel Electric General
35,2,Ship Propulsion,Diesel - Type 1,03,Ship Propulsion : Diesel - Type 1
35,2,Ship Propulsion,Diesel - Type 2,04,Ship Propulsion : Diesel - Type 2
35,2,Ship Propulsion,Diesel - Type 3,05,Ship Propulsion : Diesel - Type 3
35,2,Ship Propulsion,Nuclear Powered General,06,Ship Propulsion : Nuclear Powered General
35,2,Ship Propulsion,Nuclear - Type 1,07,Ship Propulsion : Nuclear - Type 1
35,2,Ship Propulsion,Nuclear - Type 2,08,Ship Propulsion : Nuclear - Type 2
35,2,Ship Propulsion,Nuclear - Type 3,09,Ship Propulsion : Nuclear - Type 3
35,2,Ship Propulsion,Nuclear - Type 4,10,Ship Propulsion : Nuclear - Type 4
35,2,Ship Propulsion,Nuclear - Type 5,11,Ship Propulsion : Nuclear - Type 5
35,2,Ship Propulsion,Nuclear - Type 6,12,Ship Propulsion : Nuclear - Type 6
35,2,Ship Propulsion,Nuclear - Type 7,13,Ship Propulsion : Nuclear - Type 7
35,2,UUV Control,Autonomous Control,14,UUV Control : Autonomous Control
35,2,UUV Control,Remotely Piloted,15,UUV Control : Remotely Piloted
35,2,UUV Control,Expendable,16,UUV Control : Expendable


